<?xml version="1.0" encoding="UTF-8"?>
<project-private xmlns="http://www.netbeans.org/ns/project-private/1">
    <editor-bookmarks xmlns="http://www.netbeans.org/ns/editor-bookmarks/2" lastBookmarkId="0"/>
    <open-files xmlns="http://www.netbeans.org/ns/projectui-open-files/2">
        <group>
            <file>file:/C:/Users/root/Documents/GitHub/Pwnbrew/Server/src/pwnbrew/output/StreamReader.java</file>
            <file>file:/C:/Users/root/Documents/GitHub/Pwnbrew/Server/src/pwnbrew/network/file/FileSender.java</file>
            <file>file:/C:/Users/root/Documents/GitHub/Pwnbrew/Server/src/pwnbrew/utilities/SocketUtilities.java</file>
            <file>file:/C:/Users/root/Documents/GitHub/Pwnbrew/Server/src/pwnbrew/network/control/messages/FileMessage.java</file>
            <file>file:/C:/Users/root/Documents/GitHub/Pwnbrew/Server/src/pwnbrew/network/control/messages/ControlMessage.java</file>
            <file>file:/C:/Users/root/Documents/GitHub/Pwnbrew/Server/src/pwnbrew/shell/ShellMessageManager.java</file>
            <file>file:/C:/Users/root/Documents/GitHub/Pwnbrew/Server/src/pwnbrew/network/control/messages/SetRelayWrap.java</file>
            <file>file:/C:/Users/root/Documents/GitHub/Pwnbrew/Server/src/pwnbrew/output/StreamRecorder.java</file>
            <file>file:/C:/Users/root/Documents/GitHub/Pwnbrew/Server/src/pwnbrew/utilities/FileUtilities.java</file>
            <file>file:/C:/Users/root/Documents/GitHub/Pwnbrew/Server/src/pwnbrew/host/HostController.java</file>
            <file>file:/C:/Users/root/Documents/GitHub/Pwnbrew/Server/src/pwnbrew/network/control/messages/SendStage.java</file>
            <file>file:/C:/Users/root/Documents/GitHub/Pwnbrew/Server/src/pwnbrew/network/http/ServerHttpWrapper.java</file>
            <file>file:/C:/Users/root/Documents/GitHub/Pwnbrew/Server/src/pwnbrew/shell/Shell.java</file>
            <file>file:/C:/Users/root/Documents/GitHub/Pwnbrew/Server/src/pwnbrew/misc/RuntimeRunnable.java</file>
            <file>file:/C:/Users/root/Documents/GitHub/Pwnbrew/Server/src/pwnbrew/shell/ShellMessageHandler.java</file>
            <file>file:/C:/Users/root/Documents/GitHub/Pwnbrew/Server/src/pwnbrew/host/gui/HostShellPanel.java</file>
            <file>file:/C:/Users/root/Documents/GitHub/Pwnbrew/Server/src/pwnbrew/shell/CommandPrompt.java</file>
            <file>file:/C:/Users/root/Documents/GitHub/Pwnbrew/Server/src/pwnbrew/network/control/messages/RelayDisconnect.java</file>
            <file>file:/C:/Users/root/Documents/GitHub/Pwnbrew/Server/src/pwnbrew/gui/panels/RunnerPane.java</file>
            <file>file:/C:/Users/root/Documents/GitHub/Pwnbrew/Server/src/pwnbrew/Server.java</file>
            <file>file:/C:/Users/root/Documents/GitHub/Pwnbrew/Server/src/pwnbrew/output/StreamCollector.java</file>
            <file>file:/C:/Users/root/Documents/GitHub/Pwnbrew/Server/src/pwnbrew/shell/Powershell.java</file>
            <file>file:/C:/Users/root/Documents/GitHub/Pwnbrew/Server/src/pwnbrew/network/control/messages/Hello.java</file>
            <file>file:/C:/Users/root/Documents/GitHub/Pwnbrew/Server/src/pwnbrew/selector/SocketChannelHandler.java</file>
            <file>file:/C:/Users/root/Documents/GitHub/Pwnbrew/Server/src/pwnbrew/network/file/FileMessageManager.java</file>
        </group>
    </open-files>
</project-private>
